Person_ID,Age,Gender,City
2378,54,Male,Hyderabad
2263,50,Female,Delhi
3203,44,Male,Hyderabad
7896,46,Female,Hyderabad
6908,51,Female,Mumbai
5180,35,Male,Delhi
5684,23,Male,Bangalore
2178,62,Male,Chennai
9345,53,Other,Bangalore
9297,46,Other,Chennai
6977,48,Female,Hyderabad
9453,43,Female,Bangalore
1738,45,Male,Hyderabad
9392,26,Other,Delhi
7752,55,Other,Mumbai
3439,18,Other,Bangalore
7159,20,Other,Hyderabad
5090,43,Male,Chennai
8700,62,Other,Mumbai
7641,35,Male,Mumbai
7712,31,Other,Bangalore
7788,37,Other,Delhi
5979,53,Other,Mumbai
1560,21,Female,Hyderabad
9410,51,Female,Delhi
7459,53,Other,Delhi
7390,59,Female,Chennai
3690,23,Male,Hyderabad
9756,45,Female,Mumbai
2569,41,Male,Chennai
7014,64,Male,Delhi
1043,22,Male,Hyderabad
6719,57,Male,Chennai
9201,41,Other,Delhi
7137,40,Male,Hyderabad
7817,60,Female,Chennai
9828,22,Female,Chennai
3480,22,Other,Chennai
8269,29,Male,Delhi
1395,39,Female,Bangalore
9917,50,Other,Chennai
8480,56,Other,Hyderabad
7115,39,Male,Delhi
9073,48,Male,Chennai
8455,37,Female,Delhi
8189,54,Male,Hyderabad
7516,29,Female,Chennai
3082,33,Female,Mumbai
4380,52,Male,Delhi
2101,64,Other,Hyderabad
9471,28,Male,Bangalore
3001,32,Female,Mumbai
7135,27,Male,Chennai
1189,26,Female,Delhi
9207,44,Other,Delhi
9147,51,Male,Hyderabad
9528,54,Male,Hyderabad
9619,22,Other,Delhi
1945,42,Male,Hyderabad
8411,65,Female,Mumbai
3890,46,Other,Bangalore
1217,26,Male,Delhi
5575,35,Female,Delhi
3102,56,Other,Hyderabad
8505,33,Other,Bangalore
8288,52,Male,Bangalore
7888,39,Male,Hyderabad
9452,22,Female,Bangalore
8701,22,Female,Hyderabad
1908,31,Male,Delhi
3371,42,Female,Delhi
1530,30,Other,Hyderabad
5346,64,Male,Bangalore
1064,55,Other,Hyderabad
7718,30,Female,Hyderabad
9612,28,Other,Hyderabad
3266,61,Other,Bangalore
1103,33,Other,Chennai
8087,44,Other,Hyderabad
7355,54,Female,Mumbai
5763,44,Male,Delhi
2372,50,Male,Chennai
3274,29,Male,Bangalore
9451,45,Other,Chennai
2799,45,Male,Hyderabad
9553,25,Male,Delhi
1382,47,Other,Mumbai
8533,51,Other,Mumbai
6862,40,Male,Hyderabad
9205,44,Other,Bangalore
5736,60,Male,Hyderabad
1269,40,Male,Mumbai
7523,34,Other,Bangalore
3052,28,Female,Bangalore
4952,54,Other,Chennai
3550,42,Male,Mumbai
5438,56,Female,Hyderabad
3921,61,Other,Chennai
8815,22,Female,Bangalore
2586,42,Male,Hyderabad
3473,34,Male,Mumbai
8412,51,Other,Mumbai
1913,58,Female,Delhi
2307,59,Female,Mumbai
8705,58,Male,Hyderabad
5555,65,Male,Hyderabad
1070,59,Female,Delhi
2103,47,Female,Hyderabad
9949,35,Other,Hyderabad
4682,38,Other,Hyderabad
1665,62,Other,Bangalore
6633,45,Male,Delhi
8699,21,Male,Chennai
5670,20,Other,Mumbai
2061,50,Male,Bangalore
5859,65,Male,Delhi
1750,24,Male,Hyderabad
9682,30,Male,Chennai
6095,26,Other,Hyderabad
9509,41,Male,Bangalore
2134,27,Other,Delhi
8452,65,Male,Bangalore
4547,59,Female,Hyderabad
9025,33,Male,Hyderabad
3438,45,Other,Bangalore
8467,62,Male,Chennai
5147,60,Male,Chennai
2384,40,Female,Delhi
9839,26,Other,Bangalore
5364,55,Male,Chennai
8085,21,Male,Mumbai
4182,52,Female,Mumbai
4286,35,Female,Hyderabad
6926,24,Male,Mumbai
4386,27,Male,Mumbai
9348,36,Female,Mumbai
5168,20,Female,Mumbai
3849,32,Other,Delhi
4266,45,Other,Bangalore
8615,27,Male,Hyderabad
2338,51,Other,Hyderabad
9935,50,Female,Delhi
9681,36,Other,Hyderabad
3929,56,Female,Hyderabad
8667,39,Other,Bangalore
8757,39,Male,Delhi
9245,42,Female,Bangalore
2955,42,Male,Chennai
6820,25,Male,Hyderabad
5394,29,Other,Bangalore
4058,37,Female,Mumbai
4718,54,Female,Hyderabad
2129,49,Female,Chennai
1519,30,Male,Delhi
5318,32,Male,Hyderabad
1393,27,Other,Delhi
1153,44,Male,Mumbai
1730,50,Male,Delhi
5959,39,Male,Hyderabad
6213,61,Male,Delhi
4898,44,Female,Mumbai
7088,26,Other,Hyderabad
4759,46,Female,Hyderabad
8930,27,Other,Delhi
8567,32,Other,Chennai
7441,33,Other,Hyderabad
5033,30,Other,Mumbai
7113,56,Male,Chennai
2893,42,Other,Mumbai
6274,20,Male,Delhi
8091,64,Other,Chennai
7158,46,Other,Mumbai
3395,26,Female,Mumbai
2919,20,Male,Hyderabad
5729,36,Other,Delhi
1506,62,Female,Chennai
7053,29,Other,Bangalore
7965,24,Other,Delhi
6368,60,Male,Bangalore
2518,46,Female,Bangalore
5992,45,Female,Chennai
5782,35,Other,Chennai
6554,25,Female,Mumbai
8779,64,Female,Mumbai
5554,30,Female,Mumbai
3138,38,Other,Chennai
6726,59,Male,Hyderabad
9089,40,Male,Hyderabad
3057,31,Male,Delhi
7665,33,Other,Delhi
1211,50,Other,Hyderabad
4736,46,Female,Hyderabad
2773,53,Male,Hyderabad
8946,54,Other,Delhi
2334,28,Other,Chennai
7263,23,Female,Delhi
2672,23,Male,Hyderabad
1204,49,Female,Delhi
1849,56,Male,Hyderabad
7539,54,Other,Delhi
8431,61,Other,Delhi
7917,63,Male,Chennai
3983,35,Other,Hyderabad
7800,18,Other,Delhi
1309,36,Female,Hyderabad
6691,48,Other,Hyderabad
2880,60,Male,Bangalore
7453,18,Female,Delhi
5193,44,Male,Bangalore
7782,47,Male,Delhi
9642,48,Other,Hyderabad
7783,56,Other,Delhi
1634,55,Other,Hyderabad
8752,64,Other,Delhi
8545,39,Male,Hyderabad
4726,40,Female,Chennai
1575,65,Other,Chennai
6961,25,Other,Hyderabad
7295,54,Female,Hyderabad
2204,35,Other,Mumbai
2554,59,Male,Bangalore
2057,55,Other,Hyderabad
3532,33,Female,Mumbai
8681,49,Female,Delhi
6258,54,Female,Bangalore
9996,27,Male,Mumbai
8647,23,Female,Chennai
4471,24,Female,Bangalore
3357,24,Male,Delhi
2743,23,Male,Hyderabad
2146,40,Female,Mumbai
1223,42,Other,Delhi
3021,18,Female,Delhi
4676,35,Female,Hyderabad
9269,24,Male,Hyderabad
3942,34,Female,Mumbai
2829,61,Male,Chennai
1585,57,Male,Bangalore
2475,53,Male,Mumbai
3433,54,Female,Chennai
1487,65,Female,Hyderabad
7376,36,Male,Chennai
6355,64,Male,Chennai
3350,39,Other,Bangalore
5342,19,Other,Mumbai
5527,59,Other,Bangalore
1285,42,Female,Bangalore
8224,35,Male,Chennai
6302,47,Male,Hyderabad
3009,63,Other,Chennai
2358,50,Female,Bangalore
5428,46,Other,Mumbai
5703,64,Female,Bangalore
9129,64,Other,Mumbai
5764,48,Female,Hyderabad
7396,57,Female,Bangalore
6352,59,Other,Delhi
3801,38,Other,Mumbai
8394,59,Male,Hyderabad
7981,23,Female,Hyderabad
8256,50,Other,Delhi
7781,42,Female,Delhi
5153,41,Female,Hyderabad
6135,63,Female,Chennai
3662,62,Other,Hyderabad
3499,46,Male,Chennai
5849,24,Other,Hyderabad
3410,62,Other,Delhi
6357,30,Other,Mumbai
8356,45,Other,Chennai
9381,51,Other,Hyderabad
3502,54,Female,Hyderabad
2220,25,Other,Delhi
9542,52,Male,Bangalore
6774,57,Female,Delhi
6625,45,Female,Delhi
3718,28,Other,Hyderabad
9153,61,Female,Chennai
6207,53,Male,Chennai
2821,57,Male,Chennai
8190,22,Male,Mumbai
9254,40,Female,Delhi
5094,39,Female,Mumbai
6454,19,Female,Chennai
4979,54,Male,Mumbai
6587,23,Female,Hyderabad
4768,59,Male,Chennai
9694,26,Male,Bangalore
5835,56,Male,Hyderabad
2291,20,Female,Delhi
3242,21,Other,Hyderabad
6040,21,Other,Hyderabad
4084,35,Other,Chennai
8731,34,Female,Mumbai
2638,44,Female,Chennai
5099,62,Male,Mumbai
4323,51,Female,Hyderabad
6236,63,Male,Chennai
6718,61,Female,Mumbai
4115,48,Female,Bangalore
